"Name","Date","Time","Location","Date"
"Jr Swine Show","8/10/2024","07:30","Swine Barn","Saturday, August 10, 2024"
"Open Beef Cattle Show","8/10/2024","08:00","Livestock Center","Saturday, August 10, 2024"
"Jr Sheep Show","8/10/2024","08:00","Sheep Barn","Saturday, August 10, 2024"
"Jr Beef Cattle Show","8/10/2024","08:30","Jr Livestock Building","Saturday, August 10, 2024"
"RoboCars (Sensory Hrs)","8/10/2024","09:00","Central & Main","Saturday, August 10, 2024"
"Open Meat Goat Show","8/10/2024","09:00","Goat Barn","Saturday, August 10, 2024"
"AKC Dog Agility","8/10/2024","09:00","Coliseum","Saturday, August 10, 2024"
"Cutest Show on Earth (Sensory Hrs)","8/10/2024","09:30","Adventure Village Stage","Saturday, August 10, 2024"
"Jr Rabbit Show","8/10/2024","09:30","Sale Barn 26","Saturday, August 10, 2024"
"Everyone Belongs in Nature Passport (10a-7p)","8/10/2024","10:00","Conservation World","Saturday, August 10, 2024"
"Be a Climate Action Hero! (10a-7p)","8/10/2024","10:00","Conservation World","Saturday, August 10, 2024"
"Cicada Art Work (10a-7p)","8/10/2024","10:00","Conservation World","Saturday, August 10, 2024"
"Eagle Nest Photo Opportunity (10a-7p)","8/10/2024","10:00","Conservation World","Saturday, August 10, 2024"
"Archery Range (10a-7p)","8/10/2024","10:00","Conservation World","Saturday, August 10, 2024"
"Youth BB Gun Range (10a-7p)","8/10/2024","10:00","Conservation World","Saturday, August 10, 2024"
"Rock Climbing Wall (10a-6:30p)","8/10/2024","10:00","Conservation World","Saturday, August 10, 2024"
"Birds, Bugs and Bee-yond! (10a-7p)","8/10/2024","10:00","Conservation World","Saturday, August 10, 2024"
"Dogs That Help (10a-7p)","8/10/2024","10:00","Conservation World","Saturday, August 10, 2024"
"Mines, Minerals, Oil & Gas (10a-7p)","8/10/2024","10:00","Conservation World","Saturday, August 10, 2024"
"Water Resources (10a-7p)","8/10/2024","10:00","Conservation World","Saturday, August 10, 2024"
"Threatened and Endangered Species (10a-7p)","8/10/2024","10:00","Conservation World","Saturday, August 10, 2024"
"Illinois State Parks (10a-7p)","8/10/2024","10:00","Conservation World","Saturday, August 10, 2024"
"ABC AmTryke Presentation","8/10/2024","10:00","Expo Bldg Stage","Saturday, August 10, 2024"
"Open Meat Goat Show","8/10/2024","10:00","Goat Barn","Saturday, August 10, 2024"
"Silent Dance Party (Sensory Hrs)","8/10/2024","10:00","Grand Central Stage","Saturday, August 10, 2024"
"Artisan Market (10a-5p)","8/10/2024","10:00","IL Dept of Ag Tent","Saturday, August 10, 2024"
"Fleming Academy Music School","8/10/2024","10:00","Illinois Building","Saturday, August 10, 2024"
"Jump! The Ultimate Dog Show (Sensory Hrs)","8/10/2024","10:00","Thrillville","Saturday, August 10, 2024"
"Illinois Reads","8/10/2024","10:00","Secretary of State Tent","Saturday, August 10, 2024"
"Fishing Pond - Fishing Clinics","8/10/2024","10:30","Conservation World","Saturday, August 10, 2024"
"American Chemical Society / IL Chapter","8/10/2024","10:30","Conservation World","Saturday, August 10, 2024"
"Sky High Balloon Guy (Sensory Hrs)","8/10/2024","10:30","Happy Hollow","Saturday, August 10, 2024"
"Everyone Belongs in Nature Passport (10a-7p)","8/10/2024","11:00","Conservation World","Saturday, August 10, 2024"
"Be a Climate Action Hero! (10a-7p)","8/10/2024","11:00","Conservation World","Saturday, August 10, 2024"
"Cicada Art Work (10a-7p)","8/10/2024","11:00","Conservation World","Saturday, August 10, 2024"
"Eagle Nest Photo Opportunity (10a-7p)","8/10/2024","11:00","Conservation World","Saturday, August 10, 2024"
"Archery Range (10a-7p)","8/10/2024","11:00","Conservation World","Saturday, August 10, 2024"
"Youth BB Gun Range (10a-7p)","8/10/2024","11:00","Conservation World","Saturday, August 10, 2024"
"Rock Climbing Wall (10a-6:30p)","8/10/2024","11:00","Conservation World","Saturday, August 10, 2024"
"Birds, Bugs and Bee-yond! (10a-7p)","8/10/2024","11:00","Conservation World","Saturday, August 10, 2024"
"Dogs That Help (10a-7p)","8/10/2024","11:00","Conservation World","Saturday, August 10, 2024"
"Mines, Minerals, Oil & Gas (10a-7p)","8/10/2024","11:00","Conservation World","Saturday, August 10, 2024"
"Water Resources (10a-7p)","8/10/2024","11:00","Conservation World","Saturday, August 10, 2024"
"Threatened and Endangered Species (10a-7p)","8/10/2024","11:00","Conservation World","Saturday, August 10, 2024"
"Illinois State Parks (10a-7p)","8/10/2024","11:00","Conservation World","Saturday, August 10, 2024"
"Silent Dance Party (Sensory Hrs)","8/10/2024","11:00","Grand Central Stage","Saturday, August 10, 2024"
"Harness Racing","8/10/2024","11:00","Grandstand","Saturday, August 10, 2024"
"Artisan Market (10a-5p)","8/10/2024","11:00","IL Dept of Ag Tent","Saturday, August 10, 2024"
"AgVenture Crafts","8/10/2024","11:00","IL Dept of Ag Tent","Saturday, August 10, 2024"
"Cheerleading & Dance","8/10/2024","11:00","Illinois Building","Saturday, August 10, 2024"
"Bingo (11a-2p) - Mezzanine area","8/10/2024","11:00","Illinois Building","Saturday, August 10, 2024"
"Fiddle & Banjo Contest","8/10/2024","11:00","Lincoln Stage","Saturday, August 10, 2024"
"AKC Dog Agility","8/10/2024","11:00","Coliseum","Saturday, August 10, 2024"
"Magic Bean Agriculture Show (Sensory Hrs)","8/10/2024","11:30","Adventure Village Stage","Saturday, August 10, 2024"
"Zoo Lady Face Painting (12p-6p)","8/10/2024","12:00","Adventure Village Pavilion","Saturday, August 10, 2024"
"The Baked Potatoes","8/10/2024","12:00","Apex Stage","Saturday, August 10, 2024"
"Nathan Bassett (Spray Can Artist)","8/10/2024","12:00","Central Avenue","Saturday, August 10, 2024"
"Neutron Ninja (Hours 11a-9p - $ Fee)","8/10/2024","12:00","Coliseum Lane","Saturday, August 10, 2024"
"Everyone Belongs in Nature Passport (10a-7p)","8/10/2024","12:00","Conservation World","Saturday, August 10, 2024"
"Be a Climate Action Hero! (10a-7p)","8/10/2024","12:00","Conservation World","Saturday, August 10, 2024"
"Cicada Art Work (10a-7p)","8/10/2024","12:00","Conservation World","Saturday, August 10, 2024"
"Eagle Nest Photo Opportunity (10a-7p)","8/10/2024","12:00","Conservation World","Saturday, August 10, 2024"
"Fishing Pond - Fishing Clinics","8/10/2024","12:00","Conservation World","Saturday, August 10, 2024"
"Archery Range (10a-7p)","8/10/2024","12:00","Conservation World","Saturday, August 10, 2024"
"Youth BB Gun Range (10a-7p)","8/10/2024","12:00","Conservation World","Saturday, August 10, 2024"
"Fly Fishing Clinics","8/10/2024","12:00","Conservation World","Saturday, August 10, 2024"
"Wildlife Seminar","8/10/2024","12:00","Conservation World","Saturday, August 10, 2024"
"Paul Bunyan Lumberjack Show","8/10/2024","12:00","Conservation World","Saturday, August 10, 2024"
"Rock Climbing Wall (10a-6:30p)","8/10/2024","12:00","Conservation World","Saturday, August 10, 2024"
"Birds, Bugs and Bee-yond! (10a-7p)","8/10/2024","12:00","Conservation World","Saturday, August 10, 2024"
"Dogs That Help (10a-7p)","8/10/2024","12:00","Conservation World","Saturday, August 10, 2024"
"Mines, Minerals, Oil & Gas (10a-7p)","8/10/2024","12:00","Conservation World","Saturday, August 10, 2024"
"Water Resources (10a-7p)","8/10/2024","12:00","Conservation World","Saturday, August 10, 2024"
"Threatened and Endangered Species (10a-7p)","8/10/2024","12:00","Conservation World","Saturday, August 10, 2024"
"Illinois State Parks (10a-7p)","8/10/2024","12:00","Conservation World","Saturday, August 10, 2024"
"Artisan Market (10a-5p)","8/10/2024","12:00","IL Dept of Ag Tent","Saturday, August 10, 2024"
"Lotus Fire Belly Dance","8/10/2024","12:00","Illinois Building","Saturday, August 10, 2024"
"FOURsquared Multiple Woodwind Quartet","8/10/2024","12:00","Village of Cultures","Saturday, August 10, 2024"
"High Dive Show","8/10/2024","12:30","Central & Main","Saturday, August 10, 2024"
"American Chemical Society / IL Chapter","8/10/2024","12:30","Conservation World","Saturday, August 10, 2024"
"Chris Camp ""The Whip Guy""","8/10/2024","12:45","Conservation World","Saturday, August 10, 2024"
"Zoo Lady Face Painting (12p-6p)","8/10/2024","13:00","Adventure Village Pavilion","Saturday, August 10, 2024"
"Jackash","8/10/2024","13:00","Busch Light Tent","Saturday, August 10, 2024"
"Neutron Ninja (Hours 11a-9p - $ Fee)","8/10/2024","13:00","Coliseum Lane","Saturday, August 10, 2024"
"Everyone Belongs in Nature Passport (10a-7p)","8/10/2024","13:00","Conservation World","Saturday, August 10, 2024"
"Be a Climate Action Hero! (10a-7p)","8/10/2024","13:00","Conservation World","Saturday, August 10, 2024"
"Cicada Art Work (10a-7p)","8/10/2024","13:00","Conservation World","Saturday, August 10, 2024"
"Eagle Nest Photo Opportunity (10a-7p)","8/10/2024","13:00","Conservation World","Saturday, August 10, 2024"
"Archery Range (10a-7p)","8/10/2024","13:00","Conservation World","Saturday, August 10, 2024"
"Youth BB Gun Range (10a-7p)","8/10/2024","13:00","Conservation World","Saturday, August 10, 2024"
"Voyageur Canoe","8/10/2024","13:00","Conservation World","Saturday, August 10, 2024"
"Rock Climbing Wall (10a-6:30p)","8/10/2024","13:00","Conservation World","Saturday, August 10, 2024"
"Birds, Bugs and Bee-yond! (10a-7p)","8/10/2024","13:00","Conservation World","Saturday, August 10, 2024"
"Dogs That Help (10a-7p)","8/10/2024","13:00","Conservation World","Saturday, August 10, 2024"
"Mines, Minerals, Oil & Gas (10a-7p)","8/10/2024","13:00","Conservation World","Saturday, August 10, 2024"
"Water Resources (10a-7p)","8/10/2024","13:00","Conservation World","Saturday, August 10, 2024"
"Threatened and Endangered Species (10a-7p)","8/10/2024","13:00","Conservation World","Saturday, August 10, 2024"
"Illinois State Parks (10a-7p)","8/10/2024","13:00","Conservation World","Saturday, August 10, 2024"
"Mike Burnett & Friends","8/10/2024","13:00","Coors Light Tent","Saturday, August 10, 2024"
"144th Army - Woodwind Quartet","8/10/2024","13:00","Expo Bldg Stage","Saturday, August 10, 2024"
"Big Top Adventures Circus","8/10/2024","13:00","Happy Hollow","Saturday, August 10, 2024"
"Artisan Market (10a-5p)","8/10/2024","13:00","IL Dept of Ag Tent","Saturday, August 10, 2024"
"Dance Central","8/10/2024","13:00","Illinois Building","Saturday, August 10, 2024"
"Naughty & Nice","8/10/2024","13:00","Miller Lite Tent","Saturday, August 10, 2024"
"Kardenni (Magician)","8/10/2024","13:00","Roving","Saturday, August 10, 2024"
"Necalli Cultural Movement","8/10/2024","13:00","Village of Cultures","Saturday, August 10, 2024"
"Illinois Reads","8/10/2024","13:00","Secretary of State Tent","Saturday, August 10, 2024"
"Cutest Show on Earth","8/10/2024","13:30","Adventure Village Stage","Saturday, August 10, 2024"
"A Patch of Blues","8/10/2024","13:30","Apex Stage","Saturday, August 10, 2024"
"Nathan Bassett (Spray Can Artist)","8/10/2024","13:30","Central Avenue","Saturday, August 10, 2024"
"Fishing Pond - Fishing Clinics","8/10/2024","13:30","Conservation World","Saturday, August 10, 2024"
"Fly Fishing Clinics","8/10/2024","13:30","Conservation World","Saturday, August 10, 2024"
"Music by Michael Burnett","8/10/2024","13:30","Conservation World","Saturday, August 10, 2024"
"Sky High Balloon Guy","8/10/2024","13:30","Roving","Saturday, August 10, 2024"
"Zoo Lady Face Painting (12p-6p)","8/10/2024","14:00","Adventure Village Pavilion","Saturday, August 10, 2024"
"Neutron Ninja (Hours 11a-9p - $ Fee)","8/10/2024","14:00","Coliseum Lane","Saturday, August 10, 2024"
"Everyone Belongs in Nature Passport (10a-7p)","8/10/2024","14:00","Conservation World","Saturday, August 10, 2024"
"Be a Climate Action Hero! (10a-7p)","8/10/2024","14:00","Conservation World","Saturday, August 10, 2024"
"Cicada Art Work (10a-7p)","8/10/2024","14:00","Conservation World","Saturday, August 10, 2024"
"Eagle Nest Photo Opportunity (10a-7p)","8/10/2024","14:00","Conservation World","Saturday, August 10, 2024"
"Archery Range (10a-7p)","8/10/2024","14:00","Conservation World","Saturday, August 10, 2024"
"Youth BB Gun Range (10a-7p)","8/10/2024","14:00","Conservation World","Saturday, August 10, 2024"
"Paul Bunyan Lumberjack Show","8/10/2024","14:00","Conservation World","Saturday, August 10, 2024"
"Rock Climbing Wall (10a-6:30p)","8/10/2024","14:00","Conservation World","Saturday, August 10, 2024"
"Birds, Bugs and Bee-yond! (10a-7p)","8/10/2024","14:00","Conservation World","Saturday, August 10, 2024"
"Dogs That Help (10a-7p)","8/10/2024","14:00","Conservation World","Saturday, August 10, 2024"
"Mines, Minerals, Oil & Gas (10a-7p)","8/10/2024","14:00","Conservation World","Saturday, August 10, 2024"
"Water Resources (10a-7p)","8/10/2024","14:00","Conservation World","Saturday, August 10, 2024"
"Threatened and Endangered Species (10a-7p)","8/10/2024","14:00","Conservation World","Saturday, August 10, 2024"
"Illinois State Parks (10a-7p)","8/10/2024","14:00","Conservation World","Saturday, August 10, 2024"
"Mullet Champ Contest","8/10/2024","14:00","Grand Central Stage","Saturday, August 10, 2024"
"Artisan Market (10a-5p)","8/10/2024","14:00","IL Dept of Ag Tent","Saturday, August 10, 2024"
"AgVenture Crafts","8/10/2024","14:00","IL Dept of Ag Tent","Saturday, August 10, 2024"
"Marshall Putnam Stark Show Choir","8/10/2024","14:00","Illinois Building","Saturday, August 10, 2024"
"Jump! The Ultimate Dog Show","8/10/2024","14:00","Thrillville","Saturday, August 10, 2024"
"Magic Bean Agriculture Show","8/10/2024","14:30","Adventure Village Stage","Saturday, August 10, 2024"
"Ponytail Contest","8/10/2024","14:30","Lincoln Stage","Saturday, August 10, 2024"
"Chris Camp ""The Whip Guy""","8/10/2024","14:45","Conservation World","Saturday, August 10, 2024"
"Zoo Lady Face Painting (12p-6p)","8/10/2024","15:00","Adventure Village Pavilion","Saturday, August 10, 2024"
"144th Army - Rock Band","8/10/2024","15:00","Apex Stage","Saturday, August 10, 2024"
"Nathan Bassett (Spray Can Artist)","8/10/2024","15:00","Central Avenue","Saturday, August 10, 2024"
"Neutron Ninja (Hours 11a-9p - $ Fee)","8/10/2024","15:00","Coliseum Lane","Saturday, August 10, 2024"
"Everyone Belongs in Nature Passport (10a-7p)","8/10/2024","15:00","Conservation World","Saturday, August 10, 2024"
"Be a Climate Action Hero! (10a-7p)","8/10/2024","15:00","Conservation World","Saturday, August 10, 2024"
"Cicada Art Work (10a-7p)","8/10/2024","15:00","Conservation World","Saturday, August 10, 2024"
"Eagle Nest Photo Opportunity (10a-7p)","8/10/2024","15:00","Conservation World","Saturday, August 10, 2024"
"Fishing Pond - Fishing Clinics","8/10/2024","15:00","Conservation World","Saturday, August 10, 2024"
"Archery Range (10a-7p)","8/10/2024","15:00","Conservation World","Saturday, August 10, 2024"
"Youth BB Gun Range (10a-7p)","8/10/2024","15:00","Conservation World","Saturday, August 10, 2024"
"Rock Climbing Wall (10a-6:30p)","8/10/2024","15:00","Conservation World","Saturday, August 10, 2024"
"Birds, Bugs and Bee-yond! (10a-7p)","8/10/2024","15:00","Conservation World","Saturday, August 10, 2024"
"Dogs That Help (10a-7p)","8/10/2024","15:00","Conservation World","Saturday, August 10, 2024"
"American Chemical Society / IL Chapter","8/10/2024","15:00","Conservation World","Saturday, August 10, 2024"
"Mines, Minerals, Oil & Gas (10a-7p)","8/10/2024","15:00","Conservation World","Saturday, August 10, 2024"
"Water Resources (10a-7p)","8/10/2024","15:00","Conservation World","Saturday, August 10, 2024"
"Threatened and Endangered Species (10a-7p)","8/10/2024","15:00","Conservation World","Saturday, August 10, 2024"
"Illinois State Parks (10a-7p)","8/10/2024","15:00","Conservation World","Saturday, August 10, 2024"
"Aileana Rawlins Band","8/10/2024","15:00","Grand Central Stage","Saturday, August 10, 2024"
"Artisan Market (10a-5p)","8/10/2024","15:00","IL Dept of Ag Tent","Saturday, August 10, 2024"
"BMX Pros Trick Team","8/10/2024","15:00","Thrillville","Saturday, August 10, 2024"
"Ayodele Drum and Dance","8/10/2024","15:00","Village of Cultures","Saturday, August 10, 2024"
"Cutest Show on Earth","8/10/2024","15:30","Adventure Village Stage","Saturday, August 10, 2024"
"High Dive Show","8/10/2024","15:30","Central & Main","Saturday, August 10, 2024"
"Voyageur Canoe","8/10/2024","15:30","Conservation World","Saturday, August 10, 2024"
"Kate Schroeder","8/10/2024","15:30","Expo Bldg Stage","Saturday, August 10, 2024"
"Central Illinois Irish Dance","8/10/2024","15:30","Illinois Building","Saturday, August 10, 2024"
"Decorated Diaper Contest","8/10/2024","15:30","Lincoln Stage","Saturday, August 10, 2024"
"Sky High Balloon Guy","8/10/2024","15:30","Roving","Saturday, August 10, 2024"
"Zoo Lady Face Painting (12p-6p)","8/10/2024","16:00","Adventure Village Pavilion","Saturday, August 10, 2024"
"""OAT"" - Owen Irwin, Amy Battles & Tom Irwin","8/10/2024","16:00","Artisans Building","Saturday, August 10, 2024"
"Neutron Ninja (Hours 11a-9p - $ Fee)","8/10/2024","16:00","Coliseum Lane","Saturday, August 10, 2024"
"Everyone Belongs in Nature Passport (10a-7p)","8/10/2024","16:00","Conservation World","Saturday, August 10, 2024"
"Be a Climate Action Hero! (10a-7p)","8/10/2024","16:00","Conservation World","Saturday, August 10, 2024"
"Cicada Art Work (10a-7p)","8/10/2024","16:00","Conservation World","Saturday, August 10, 2024"
"Eagle Nest Photo Opportunity (10a-7p)","8/10/2024","16:00","Conservation World","Saturday, August 10, 2024"
"Archery Range (10a-7p)","8/10/2024","16:00","Conservation World","Saturday, August 10, 2024"
"Youth BB Gun Range (10a-7p)","8/10/2024","16:00","Conservation World","Saturday, August 10, 2024"
"Paul Bunyan Lumberjack Show","8/10/2024","16:00","Conservation World","Saturday, August 10, 2024"
"Rock Climbing Wall (10a-6:30p)","8/10/2024","16:00","Conservation World","Saturday, August 10, 2024"
"Birds, Bugs and Bee-yond! (10a-7p)","8/10/2024","16:00","Conservation World","Saturday, August 10, 2024"
"Dogs That Help (10a-7p)","8/10/2024","16:00","Conservation World","Saturday, August 10, 2024"
"Mines, Minerals, Oil & Gas (10a-7p)","8/10/2024","16:00","Conservation World","Saturday, August 10, 2024"
"Water Resources (10a-7p)","8/10/2024","16:00","Conservation World","Saturday, August 10, 2024"
"Threatened and Endangered Species (10a-7p)","8/10/2024","16:00","Conservation World","Saturday, August 10, 2024"
"Illinois State Parks (10a-7p)","8/10/2024","16:00","Conservation World","Saturday, August 10, 2024"
"Big Top Adventures Circus","8/10/2024","16:00","Happy Hollow","Saturday, August 10, 2024"
"Artisan Market (10a-5p)","8/10/2024","16:00","IL Dept of Ag Tent","Saturday, August 10, 2024"
"Diaper Derby Contest","8/10/2024","16:00","Lincoln Stage","Saturday, August 10, 2024"
"Jump! The Ultimate Dog Show","8/10/2024","16:00","Thrillville","Saturday, August 10, 2024"
"Magic Bean Agriculture Show","8/10/2024","16:30","Adventure Village Stage","Saturday, August 10, 2024"
"Nathan Bassett (Spray Can Artist)","8/10/2024","16:30","Central Avenue","Saturday, August 10, 2024"
"Fishing Pond - Fishing Clinics","8/10/2024","16:30","Conservation World","Saturday, August 10, 2024"
"Fly Fishing Clinics","8/10/2024","16:30","Conservation World","Saturday, August 10, 2024"
"Music by Micah Walk","8/10/2024","16:30","Conservation World","Saturday, August 10, 2024"
"Catholic Church Service","8/10/2024","16:30","Illinois Building","Saturday, August 10, 2024"
"Chris Camp ""The Whip Guy""","8/10/2024","16:45","Conservation World","Saturday, August 10, 2024"
"Zoo Lady Face Painting (12p-6p)","8/10/2024","17:00","Adventure Village Pavilion","Saturday, August 10, 2024"
"Kolten Taylor & The Truck Toppers","8/10/2024","17:00","Apex Stage","Saturday, August 10, 2024"
"Brandy Kristin Band","8/10/2024","17:00","Busch Light Tent","Saturday, August 10, 2024"
"Neutron Ninja (Hours 11a-9p - $ Fee)","8/10/2024","17:00","Coliseum Lane","Saturday, August 10, 2024"
"Everyone Belongs in Nature Passport (10a-7p)","8/10/2024","17:00","Conservation World","Saturday, August 10, 2024"
"Be a Climate Action Hero! (10a-7p)","8/10/2024","17:00","Conservation World","Saturday, August 10, 2024"
"Cicada Art Work (10a-7p)","8/10/2024","17:00","Conservation World","Saturday, August 10, 2024"
"Eagle Nest Photo Opportunity (10a-7p)","8/10/2024","17:00","Conservation World","Saturday, August 10, 2024"
"Archery Range (10a-7p)","8/10/2024","17:00","Conservation World","Saturday, August 10, 2024"
"Youth BB Gun Range (10a-7p)","8/10/2024","17:00","Conservation World","Saturday, August 10, 2024"
"Rock Climbing Wall (10a-6:30p)","8/10/2024","17:00","Conservation World","Saturday, August 10, 2024"
"Birds, Bugs and Bee-yond! (10a-7p)","8/10/2024","17:00","Conservation World","Saturday, August 10, 2024"
"Dogs That Help (10a-7p)","8/10/2024","17:00","Conservation World","Saturday, August 10, 2024"
"American Chemical Society / IL Chapter","8/10/2024","17:00","Conservation World","Saturday, August 10, 2024"
"Mines, Minerals, Oil & Gas (10a-7p)","8/10/2024","17:00","Conservation World","Saturday, August 10, 2024"
"Water Resources (10a-7p)","8/10/2024","17:00","Conservation World","Saturday, August 10, 2024"
"Threatened and Endangered Species (10a-7p)","8/10/2024","17:00","Conservation World","Saturday, August 10, 2024"
"Illinois State Parks (10a-7p)","8/10/2024","17:00","Conservation World","Saturday, August 10, 2024"
"X-Krush","8/10/2024","17:00","Coors Light Tent","Saturday, August 10, 2024"
"AgVenture Crafts","8/10/2024","17:00","IL Dept of Ag Tent","Saturday, August 10, 2024"
"Kardenni (Magician)","8/10/2024","17:00","Lincoln Stage","Saturday, August 10, 2024"
"Captain Geech & The Shrimp Shack Shooters","8/10/2024","17:00","Miller Lite Tent","Saturday, August 10, 2024"
"BMX Pros Trick Team","8/10/2024","17:00","Thrillville","Saturday, August 10, 2024"
"Peaches and Bacon","8/10/2024","17:00","Village of Cultures","Saturday, August 10, 2024"
"Cutest Show on Earth","8/10/2024","17:30","Adventure Village Stage","Saturday, August 10, 2024"
"High Dive Show","8/10/2024","17:30","Central & Main","Saturday, August 10, 2024"
"Parade of Champions","8/10/2024","17:30","Coliseum","Saturday, August 10, 2024"
"Voyageur Canoe","8/10/2024","17:30","Conservation World","Saturday, August 10, 2024"
"Tyler Weaver","8/10/2024","17:30","Expo Bldg Stage","Saturday, August 10, 2024"
"Land of Lincoln Chorus","8/10/2024","17:30","Lincoln Stage","Saturday, August 10, 2024"
"Sky High Balloon Guy","8/10/2024","17:30","Roving","Saturday, August 10, 2024"
"Nathan Bassett (Spray Can Artist)","8/10/2024","18:00","Central Avenue","Saturday, August 10, 2024"
"Neutron Ninja (Hours 11a-9p - $ Fee)","8/10/2024","18:00","Coliseum Lane","Saturday, August 10, 2024"
"Everyone Belongs in Nature Passport (10a-7p)","8/10/2024","18:00","Conservation World","Saturday, August 10, 2024"
"Be a Climate Action Hero! (10a-7p)","8/10/2024","18:00","Conservation World","Saturday, August 10, 2024"
"Cicada Art Work (10a-7p)","8/10/2024","18:00","Conservation World","Saturday, August 10, 2024"
"Eagle Nest Photo Opportunity (10a-7p)","8/10/2024","18:00","Conservation World","Saturday, August 10, 2024"
"Archery Range (10a-7p)","8/10/2024","18:00","Conservation World","Saturday, August 10, 2024"
"Youth BB Gun Range (10a-7p)","8/10/2024","18:00","Conservation World","Saturday, August 10, 2024"
"Paul Bunyan Lumberjack Show","8/10/2024","18:00","Conservation World","Saturday, August 10, 2024"
"Rock Climbing Wall (10a-6:30p)","8/10/2024","18:00","Conservation World","Saturday, August 10, 2024"
"Birds, Bugs and Bee-yond! (10a-7p)","8/10/2024","18:00","Conservation World","Saturday, August 10, 2024"
"Dogs That Help (10a-7p)","8/10/2024","18:00","Conservation World","Saturday, August 10, 2024"
"Mines, Minerals, Oil & Gas (10a-7p)","8/10/2024","18:00","Conservation World","Saturday, August 10, 2024"
"Water Resources (10a-7p)","8/10/2024","18:00","Conservation World","Saturday, August 10, 2024"
"Threatened and Endangered Species (10a-7p)","8/10/2024","18:00","Conservation World","Saturday, August 10, 2024"
"Illinois State Parks (10a-7p)","8/10/2024","18:00","Conservation World","Saturday, August 10, 2024"
"Jump! The Ultimate Dog Show","8/10/2024","18:00","Thrillville","Saturday, August 10, 2024"
"Magic Bean Agriculture Show","8/10/2024","18:30","Adventure Village Stage","Saturday, August 10, 2024"
"Sunvolume","8/10/2024","18:30","Apex Stage","Saturday, August 10, 2024"
"Neutron Ninja (Hours 11a-9p - $ Fee)","8/10/2024","19:00","Coliseum Lane","Saturday, August 10, 2024"
"Kylie Morgan","8/10/2024","19:00","Grand Central Stage","Saturday, August 10, 2024"
"Big Top Adventures Circus","8/10/2024","19:00","Happy Hollow","Saturday, August 10, 2024"
"Kardenni (Magician)","8/10/2024","19:00","Lincoln Stage","Saturday, August 10, 2024"
"BMX Pros Trick Team","8/10/2024","19:00","Thrillville","Saturday, August 10, 2024"
"Zydeco Voodoo Band","8/10/2024","19:00","Village of Cultures","Saturday, August 10, 2024"
"Nathan Bassett (Spray Can Artist)","8/10/2024","19:30","Central Avenue","Saturday, August 10, 2024"
"Hugo's Elvis Tribute","8/10/2024","19:30","Lincoln Stage","Saturday, August 10, 2024"
"ISF Rodeo","8/10/2024","19:30","Multi-Purpose Arena","Saturday, August 10, 2024"
"Sky High Balloon Guy","8/10/2024","19:30","Roving","Saturday, August 10, 2024"
"High Dive Show","8/10/2024","20:00","Central & Main","Saturday, August 10, 2024"
"Motley Crue with Phil X & The Drills","8/10/2024","20:00","Grandstand","Saturday, August 10, 2024"
"Branded","8/10/2024","21:00","Busch Light Tent","Saturday, August 10, 2024"
"Off The Wall","8/10/2024","21:00","Coors Light Tent","Saturday, August 10, 2024"
"SmoothTimes Band","8/10/2024","21:00","Grand Central Stage","Saturday, August 10, 2024"
"Lick Creek","8/10/2024","21:00","Miller Lite Tent","Saturday, August 10, 2024"
"Kardenni (Magician)","8/10/2024","3:00p","Roving","Saturday, August 10, 2024"